"CCMM","AMA","SSNAL","completed"
0.561007976531982,4307.15234923363,125.546476,10
1.37625169754028,14870.4548316002,428.887664,10
3.00320839881897,27625.0970172882,850.685496,10
3.74097967147827,31232.757661581,1276.978085,10
3.95627880096436,39653.7712390423,2019.323196,10
