"n","p","c","n_min","n_max","p_used","k","phi","max_lambda","n_lambdas","time_ccmm","time_ama","time_ssnal","min_clusters"
banknotes,1372,4,2,610,762,2,50,2,1.739789e+01,200,2.039299e-01,3.800261e+02,5.557935e+01,7
musk,6598,166,2,1017,5581,2,50,2,3.363599e+06,200,1.146560e-01,NaN,1.770180e+02,27
gamma,19020,10,2,6688,12332,2,50,2,1.640078e+02,200,1.478413e+01,NaN,7.266071e+03,2
mnist,60000,784,10,5421,6742,10,50,2,6.340314e+01,200,1.849666e+02,NaN,NaN,6
